#,Sequence
130,HPPAGIL
62,IANRAEQ
44,DKAEIWH
35,QDMPRLP
53,GPAVTTS
67,GEESYGW
128,THLAQDV
112,RFPVDQH
39,HEIGSQL
21,SMHLGFI
86,GRWSDSY
69,GTPVLSH
52,EHSLETE
50,DAHVRLA
92,TQGFQTM
21,SMHLGFI
20,GATGSLP
81,NLAPRPH
124,DRCCVLD
115,TELKEMI
84,RWDPFPA
108,WTKGEHF
123,MPHKNDF
93,TTDRTMM
25,MQCPNDC
58,GPPGVSR
80,TKTVTER
111,MGTPKED
129,TDEIHQM
62,IANRAEQ
115,TELKEMI
56,ETWIGPI
125,MGVQTEV
6,EHVPRIL
128,THLAQDV
64,GASLRPG
110,TIWGADF
55,RMEITNL
27,ADDACPR
112,RFPVDQH
65,GATGAYN
33,EAHYRGP
68,ATRADYF
28,GKHITMW
122,RPFVYEY
123,MPHKNDF
121,MLRTADT
124,DRCCVLD
105,GATGSYP
43,DGASNLP
61,ETVFWRM
3,GNRVAYV
101,AHNWWFD
33,EAHYRGP
89,SQGYSMH
53,GPAVTTS
96,RAADEYS
50,DAHVRLA
89,SQGYSMH
93,TTDRTMM
19,GQIALSS
120,VQNMWPV
102,VERTLSY
19,GQIALSS
84,RWDPFPA
31,MEPQVII
57,GPGSQAT
41,GAPKHWL
85,SPIDTWS
40,MYGVDQN
26,TQEYWRG
15,WHGVQNI
103,RSTDLYT
7,GHARLSP
77,QFTMATF
64,GASLRPG
104,AATQLWW
72,RDVLDVY
88,HKVTDVF
48,ERLTCEF
23,RIAQNHP
116,HPDFWPI
51,TQNYAAI
66,NPVQAHY
110,TIWGADF
126,AAYKGEE
16,DHCFARR
101,AHNWWFD
90,GHCRMNM
125,MGVQTEV
86,GRWSDSY
5,WPLMLMP
70,GCCGADP
49,DSGCGHQ
113,MDTDALT
100,TTDARIH
121,MLRTADT
10,GTATTLP
78,HWEPMRN
35,QDMPRLP
17,HPLRHSG
26,TQEYWRG
18,QTVEWYR
6,EHVPRIL
98,QDQICHC
109,LDGPRPH
77,QFTMATF
69,GTPVLSH
40,MYGVDQN
27,ADDACPR
119,KPVEWRV
16,DHCFARR
54,DQPHVWN
11,VWPQIIG
44,DKAEIWH
126,AAYKGEE
48,ERLTCEF
32,GTIPGQP
11,VWPQIIG
99,AQSMEFV
71,ADPGYHS
73,GDEARDG
9,WGTTRVA
37,WRDASMP
95,TTFRLPD
60,EPVIPRS
113,MDTDALT
12,SPDDLRV
7,GHARLSP
107,HDLMWHR
31,MEPQVII
63,HMATHPW
15,WHGVQNI
116,HPDFWPI
120,VQNMWPV
79,AWARHES
8,NGEPLIP
43,DGASNLP
97,QVIPFNH
28,GKHITMW
96,RAADEYS
25,MQCPNDC
78,HWEPMRN
92,TQGFQTM
41,GAPKHWL
24,VERMYTP
30,TLEEFPF
39,HEIGSQL
70,GCCGADP
42,GYPGLWS
29,GSIIFHR
65,GATGAYN
74,WERDCCT
22,QMQINLD
58,GPPGVSR
46,EDCKWCR
55,RMEITNL
38,HDYENRG
106,AVDGTDR
47,NPALWCC
103,RSTDLYT
105,GATGSYP
45,TGSSWLV
94,TTDIPAR
81,NLAPRPH
54,DQPHVWN
29,GSIIFHR
23,RIAQNHP
37,WRDASMP
130,HPPAGIL
20,GATGSLP
129,TDEIHQM
8,NGEPLIP
98,QDQICHC
91,AGVAPRL
13,GQVFTYP
80,TKTVTER
79,AWARHES
10,GTATTLP
119,KPVEWRV
34,DGGLIRI
42,GYPGLWS
111,MGTPKED
2,GIVSYPG
82,ADVARTH
56,ETWIGPI
100,TTDARIH
60,EPVIPRS
76,QSSMLER
83,TGVTRDS
14,GMHLSNW
49,DSGCGHQ
104,AATQLWW
13,GQVFTYP
52,EHSLETE
91,AGVAPRL
107,HDLMWHR
63,HMATHPW
17,HPLRHSG
67,GEESYGW
99,AQSMEFV
36,AEECNIC
68,ATRADYF
3,GNRVAYV
109,LDGPRPH
24,VERMYTP
87,MPIRGPM
1,GMPTRTF
66,NPVQAHY
46,EDCKWCR
83,TGVTRDS
12,SPDDLRV
118,TTELLVA
1,GMPTRTF
74,WERDCCT
72,RDVLDVY
51,TQNYAAI
71,ADPGYHS
45,TGSSWLV
122,RPFVYEY
102,VERTLSY
94,TTDIPAR
90,GHCRMNM
127,GHLPVWS
117,TTLPLPT
87,MPIRGPM
14,GMHLSNW
32,GTIPGQP
47,NPALWCC
106,AVDGTDR
30,TLEEFPF
108,WTKGEHF
4,DHRNSIR
61,ETVFWRM
34,DGGLIRI
85,SPIDTWS
73,GDEARDG
75,ARPAEMS
5,WPLMLMP
57,GPGSQAT
117,TTLPLPT
88,HKVTDVF
114,ARSVHPI
82,ADVARTH
95,TTFRLPD
114,ARSVHPI
4,DHRNSIR
97,QVIPFNH
18,QTVEWYR
9,WGTTRVA
22,QMQINLD
127,GHLPVWS
118,TTELLVA
59,HPGWAWQ
36,AEECNIC
76,QSSMLER
38,HDYENRG
2,GIVSYPG
59,HPGWAWQ
75,ARPAEMS
